id,wallet_address,tx_sig
1,8cZxFxq9cJCNiLeruUUfoweBvEqXdHk4hPckvsMGX7RF,4q39LcgNrn6RKQrH2CqouToxhoAe3J5nmcAWrrNSHiWURXv3jJsYTNN3Qwr695utUwsabLW6gAQnhayyuTEDaXnW
6,8cZxFxq9cJCNiLeruUUfoweBvEqXdHk4hPckvsMGX7RF,2Wc7WoNKVKgXZcAA9WrrBpFVJGAkqxN2531grGZtcggGuETg9KyoEjhC2tvggyfTX2N4RhnWRzzDVKKCSncDzEub
15,8cZxFxq9cJCNiLeruUUfoweBvEqXdHk4hPckvsMGX7RF,3nCidNMJxjJckVMFVMxcCgS7Cjy3Drr35b4HkhbxiV6v6Nop3uGPdnTa6ibRf4u2sY3QsoAGtGuqGhk4ktYcgNvm
9,8cZxFxq9cJCNiLeruUUfoweBvEqXdHk4hPckvsMGX7RF,2Fkoaa47dMcHPqfyQmFPXDmLvNnAsivREt64P6V2sWVKEu5Z4QYfvhhFq9xzo3KMv8npFjwzcGujXzLVthuVQtLq
7,8cZxFxq9cJCNiLeruUUfoweBvEqXdHk4hPckvsMGX7RF,3pbZwtY2K76hj2BxAuQJbAVn5dkQhpEpEXxQtofSSvRgug7VKmpE6eY7gDZNsxLh4dYSfNzcy6yRJo4UPSLMLvQ4
2,8cZxFxq9cJCNiLeruUUfoweBvEqXdHk4hPckvsMGX7RF,46b4s5hmjimjJrBxg4RqQZdcCtjs9jtUKmRosm7snddCk8Xsj1xRmm8WJh9BwCuMT2dAqQsCkHRf99Abe1YojykX
16,8cZxFxq9cJCNiLeruUUfoweBvEqXdHk4hPckvsMGX7RF,2KzutzCdKSj9jW43JabCyGeC99G9EYPHjRJuxTHAZNffYFqNbqHzD8wARmW24VtcQT3QVhq7i16W2A6AX5zgjZgD
11,8cZxFxq9cJCNiLeruUUfoweBvEqXdHk4hPckvsMGX7RF,5D5oEnrv2dCKa9354zUHnfDJeK6YM5tmNScCoT9fTeh1LwjH9rZQeD6D6132wYULfZcePatgb4Gbbf2NEebn1V6X
8,8cZxFxq9cJCNiLeruUUfoweBvEqXdHk4hPckvsMGX7RF,8YM8eUEuxoasFkQFkWgpnbinhorj6RT1zbfwUSUNoJeswCxphHtM2JwLArqoJKtdYtjUugfiwhYdHvx29y2CaTy
12,8cZxFxq9cJCNiLeruUUfoweBvEqXdHk4hPckvsMGX7RF,5UWzKEbpGbdmdEuhaGZBcSHdZSJngzmNubvN3tJRfCd7n27mFmggH2ExNcqSjnFU7AjFMWqLKzbBse5UA7xKAxLR
13,8cZxFxq9cJCNiLeruUUfoweBvEqXdHk4hPckvsMGX7RF,4cfBkrcERAzJbN5pzv22g8r7nPKscNB7VMJTygFSovHekMtKty3PUEg7f791n4Zam6QbDiUqLDUUVnJdi93KmN2V
4,8cZxFxq9cJCNiLeruUUfoweBvEqXdHk4hPckvsMGX7RF,38qiz3X261cmyPeUhYBdp9TeSvFSNqNDv9imBiZx3SS3Yw9yW5rGdKtsgWFvp5kWreEsG81DT6tkPt3PDcZoZNZv
5,8cZxFxq9cJCNiLeruUUfoweBvEqXdHk4hPckvsMGX7RF,5nQED1ag4N95ukNxQHpanESr57ank9H6ENV4trRoUNSHhGRcCFWmgHrcQQEFpRZ7wGu27TnvpatXAn8QSkqSBkxY
10,8cZxFxq9cJCNiLeruUUfoweBvEqXdHk4hPckvsMGX7RF,2cUNbRX2CGGFxUWx7m3NUKfoFEirMFLQuW6R3fkLiZ1prYppc1LTEeXPMk7AcAmQEHMTJ84UFqJZWhKYnWLAakRq
14,8cZxFxq9cJCNiLeruUUfoweBvEqXdHk4hPckvsMGX7RF,3nnUcyAhFDhkQvQvxYzbp1fkdTJQ3KneqoLRNjwWqSs8y4M1WNtj9i33ddgvFe1AwDbtQLS5hQsNyKYqYG4vWPgX
3,8cZxFxq9cJCNiLeruUUfoweBvEqXdHk4hPckvsMGX7RF,3Ns3wJQhqg3qTBSjt2Rtn7JD3C3NgkTRm8EqtmNGf6jnMUjMY8NX5AT4aGDjYavGe2kvJbn5jPw3uakWFQ5xWHxS
1,8cZxFxq9cJCNiLeruUUfoweBvEqXdHk4hPckvsMGX7RF,2qT9api9tK1X45jjxHQMRmgdxQPttNYAxAXuTPYtwUU3vKqGG1ByhruNsMKNdYqahxT8C5kN9EkfACiF8S7rfSzR
2,8cZxFxq9cJCNiLeruUUfoweBvEqXdHk4hPckvsMGX7RF,vQhfUV4NktpzMZiFaqQi359dSLNDdauk5x5T2FHP7d84uCNq9Buw7q7PxUCY4CzAeJrSJxMVMHRkH31QHKhsx29
3,8cZxFxq9cJCNiLeruUUfoweBvEqXdHk4hPckvsMGX7RF,3w34AmpWUbYgcm9ETun7MrkDTSoGCUiFAakwbyELMdKfQnmyuFw6jH6rnYispUHqV2HK6DJ2rgSfTjgzEw3BzTMD
4,8cZxFxq9cJCNiLeruUUfoweBvEqXdHk4hPckvsMGX7RF,4dpUiy265KbVmxhhXrf86kmgqM1KGLpMzvGMf9od4c3dfKaVsSSwsvhsnzSLMao3SaJU9SRfnrukKg2PRp831eof
5,8cZxFxq9cJCNiLeruUUfoweBvEqXdHk4hPckvsMGX7RF,4SLR5mVzNtLvX4eKL37pnijT1o1ERrrTmL8issKnV4Ui9wfV87iQawYC4hvCdDYyfaEunXyd9xrSPueUjbkWiZ9f
6,8cZxFxq9cJCNiLeruUUfoweBvEqXdHk4hPckvsMGX7RF,48cC5ZcPmgGW2nnGGFDtdbSjcSD3CzYow7ThyjvETTNThGfJVQ22MbkYvAT2hCeXqhuqqAiVfNWBxHb51WncbWhB
7,8cZxFxq9cJCNiLeruUUfoweBvEqXdHk4hPckvsMGX7RF,4w2mfYWrFL5vsM4LBzahiJwjtww6GZYWwmvEQpNdAvwNwEf4HGiabF8TuBkUpguNKvcYyHKabmppUFufYX1Re6zX
8,8cZxFxq9cJCNiLeruUUfoweBvEqXdHk4hPckvsMGX7RF,2MRpEaXdjjnbgBF8orMciaV2JnY2uAvGoALG4DxkUHvoDzdU8qrsoYmJRqa2f18n1gyLJR255YUEFSrbTQLLecGT
9,8cZxFxq9cJCNiLeruUUfoweBvEqXdHk4hPckvsMGX7RF,3ksjox9g2Yru21PhWEciCRaYgPhB7Nn9SE44uDr7MT4tbSQT2fwLjbU7nJMgb5grbX5PeTUYkrPDWHfHXj2xVof9
10,8cZxFxq9cJCNiLeruUUfoweBvEqXdHk4hPckvsMGX7RF,3kRQKs4y6sNDmVGQHm3fP9ohXXdEcPmx2oYL7M849jsCfJ5D96bvxGXJRcegcmgKgLJksunj48vNjVz4X8qC5t93
11,8cZxFxq9cJCNiLeruUUfoweBvEqXdHk4hPckvsMGX7RF,3wPXU51hThUDdep1erftjD2QbeTMbu6HyhzBtNttG7ji6iK8mmsKkLWcRUfegwrNimgC5zwFffcqZTXP2ASNjJdv
12,8cZxFxq9cJCNiLeruUUfoweBvEqXdHk4hPckvsMGX7RF,4eBZgmSWV4xWBRx92od2yEzPAzSjuvLYsKv43WHvL9hfMJJ8Y4hqUgPmJtZt49MG2ZpoiLnnLxkWTGYYZwYwudt9
13,8cZxFxq9cJCNiLeruUUfoweBvEqXdHk4hPckvsMGX7RF,4oP9edAiNYh4n5XUpkgtphrpMoYRkBxT2u4D4BBE7F2oxVeyuE1WtZ6yMiEPzhaxRwjFtRNTnvNhy5iuvKEQKHie
14,8cZxFxq9cJCNiLeruUUfoweBvEqXdHk4hPckvsMGX7RF,5vMQU4vRjkMT8CEQBkjhABKhE9E72QYTZPKWFAnXtbHXigen9GPR9JxUAcdcMjWFnNdMVR5aTCp8fS159C4pXME8
15,8cZxFxq9cJCNiLeruUUfoweBvEqXdHk4hPckvsMGX7RF,5aNkAnJe4j225Sc9P1UeuZ9DcDBrs4bfvF9Snwz7qk46aHVnB5FNTfXDwHCmpKzjaSndqW4TXddb6nEFfR8EEpUH
16,8cZxFxq9cJCNiLeruUUfoweBvEqXdHk4hPckvsMGX7RF,4r61hy5iDSEniKetQsoXgfKD8dx3AHU8ep1nqenckpszP78v2PGcbzE9HUFRaHTcmRR2WrMbjiZ2ic6tX8aj54Xr
